entity_group,score,word,start,end
MISC,0.72668743,double J,619,628
MISC,0.8306391,JJ,707,710
MISC,0.8708624,JJ,820,823
MISC,0.7748728,des JJ,864,870
